message,scheduled_time_iso
"ğŸ GlÃ¶mt present? ğŸ˜… HÃ¤r Ã¤r topplistan som rÃ¤ddar dig â€“ oavsett vem du handlar till! ğŸ‘‰ www.amzing.net",2025-08-22T12:00:00+02:00
"ğŸ”¥ De hÃ¤r produkterna sÃ¤ljer slut snabbare Ã¤n man hinner blinkaâ€¦ Vill du se varfÃ¶r? ğŸ‘€ ğŸ‘‰ www.amzing.net",2025-08-22T18:00:00+02:00
"ğŸ’¡ Jag trodde jag visste vad som var populÃ¤rtâ€¦ tills jag sÃ¥g nr 3 pÃ¥ listan ğŸ¤¯ Kolla hÃ¤r ğŸ‘‰ www.amzing.net",2025-08-23T12:00:00+02:00
"ğŸ¤« Alla pratar om det hÃ¤r just nuâ€¦ men nÃ¤stan ingen vet var man hittar det. Nu vet du ğŸ‘‰ www.amzing.net",2025-08-23T18:00:00+02:00
"âš¡ ToppsÃ¤ljarna just nu â€“ flera har redan bÃ¶rjat ta slut. Vill du hinna fÃ¶re alla andra? ğŸ‘‰ www.amzing.net",2025-08-24T12:00:00+02:00
"ğŸ’ NÃ¤r var senaste gÃ¥ngen du kÃ¶pte nÃ¥got riktigt bra till dig sjÃ¤lv? HÃ¤r Ã¤r listan som fÃ¥r dig att vilja klicka direkt ğŸ‘‰ www.amzing.net",2025-08-24T18:00:00+02:00
"ğŸ˜‚ Jag skulle bara kolla liteâ€¦ nu Ã¤r varukorgen full. Se listan som fÃ¶rstÃ¶rde min plÃ¥nbok ğŸ‘‰ www.amzing.net",2025-08-25T12:00:00+02:00
"ğŸ“ˆ Om du inte har sett det hÃ¤r Ã¤n, sÃ¥ kommer du snart se det Ã¶verallt. BÃ¶rja hÃ¤r ğŸ‘‰ www.amzing.net",2025-08-25T18:00:00+02:00
"ğŸ¯ Jag trodde inte att jag behÃ¶vde nÃ¥got frÃ¥n listanâ€¦ nu vÃ¤ntar jag pÃ¥ paket. Se om du klarar dig ğŸ‘‰ www.amzing.net",2025-08-26T12:00:00+02:00
"ğŸ”¥ Det hÃ¤r Ã¤r vad flest klickade pÃ¥ den hÃ¤r veckan â€“ och jag fÃ¶rstÃ¥r varfÃ¶r! Kolla sjÃ¤lv ğŸ‘‰ www.amzing.net",2025-08-26T18:00:00+02:00
"ğŸ§  Du tror du vet vad folk kÃ¶perâ€¦ tills du ser den hÃ¤r listan. ğŸ‘‰ www.amzing.net",2025-08-27T12:00:00+02:00
"ğŸ’ Tillbaka till jobbet eller skolan? HÃ¤r Ã¤r prylarna som gÃ¶r det roligare ğŸ‘‰ www.amzing.net",2025-08-27T18:00:00+02:00
"ğŸ›ï¸ Jag klickade bara fÃ¶r att kolla â€“ nu har jag tre nya favoriter. Se sjÃ¤lv ğŸ‘‰ www.amzing.net",2025-08-28T12:00:00+02:00
"ğŸ•µï¸â€â™€ï¸ Det hÃ¤r Ã¤r vad influencers inte vill att du ska vetaâ€¦ ğŸ‘‰ www.amzing.net",2025-08-28T18:00:00+02:00
"ğŸ§¼ Den hÃ¤r produkten har Ã¶ver 50 000 recensioner â€“ och jag fattar varfÃ¶r! ğŸ‘‰ www.amzing.net",2025-08-29T12:00:00+02:00
"ğŸ¶ Husdjur? DÃ¥ mÃ¥ste du se vad som trendar just nu ğŸ‘‰ www.amzing.net",2025-08-29T18:00:00+02:00
"ğŸ›ï¸ Sov bÃ¤ttre, mÃ¥ bÃ¤ttre â€“ hÃ¤r Ã¤r listan som fÃ¶rÃ¤ndrade min sÃ¶mn ğŸ‘‰ www.amzing.net",2025-08-30T12:00:00+02:00
"ğŸ§³ Reser du snart? Missa inte de hÃ¤r smarta prylarna ğŸ‘‰ www.amzing.net",2025-08-30T18:00:00+02:00
"ğŸ§ Jag kÃ¶pte en sak frÃ¥n listanâ€¦ nu bakar jag varje helg ğŸ˜… ğŸ‘‰ www.amzing.net",2025-08-31T12:00:00+02:00
"ğŸ§° Den hÃ¤r grejen fixade mitt problem pÃ¥ 5 minuter. Se vad det Ã¤r ğŸ‘‰ www.amzing.net",2025-08-31T18:00:00+02:00
"ğŸ§´ SkÃ¶nhetsfavoriter som faktiskt funkar â€“ se vad alla klickar pÃ¥ ğŸ‘‰ www.amzing.net",2025-09-01T12:00:00+02:00
"ğŸ§’ Present till barn? HÃ¤r Ã¤r vad som fÃ¥r dem att skina upp ğŸ‘‰ www.amzing.net",2025-09-01T18:00:00+02:00
"ğŸ§¹ Jag trodde inte jag behÃ¶vde det hÃ¤râ€¦ tills mitt hem blev skinande ğŸ‘‰ www.amzing.net",2025-09-02T12:00:00+02:00
"ğŸ§‘â€ğŸ³ Matlagning blev plÃ¶tsligt kul â€“ tack vare nr 4 pÃ¥ listan ğŸ‘‰ www.amzing.net",2025-09-02T18:00:00+02:00
"ğŸ§¦ SmÃ¥ saker som gÃ¶r stor skillnad â€“ se vad folk Ã¤lskar ğŸ‘‰ www.amzing.net",2025-09-03T12:00:00+02:00
"ğŸ§˜â€â™€ï¸ Stressad? HÃ¤r Ã¤r prylarna som hjÃ¤lper dig varva ner ğŸ‘‰ www.amzing.net",2025-09-03T18:00:00+02:00
"ğŸ§‘â€ğŸ’» Jobbar hemifrÃ¥n? DÃ¥ vill du inte missa det hÃ¤r ğŸ‘‰ www.amzing.net",2025-09-04T12:00:00+02:00
"ğŸ§­ Jag letade efter en sak â€“ hittade tio jag inte visste jag behÃ¶vde ğŸ‘‰ www.amzing.net",2025-09-04T18:00:00+02:00
"ğŸ§¨ Det hÃ¤r Ã¤r vad som exploderar i popularitet just nu ğŸ‘‰ www.amzing.net",2025-09-05T12:00:00+02:00
"ğŸ§¡ SmÃ¥ lyxkÃ¶p som gÃ¶r vardagen lite bÃ¤ttre ğŸ‘‰ www.amzing.net",2025-09-05T18:00:00+02:00
"ğŸ§  Du tror du vet vad folk kÃ¶perâ€¦ tills du ser den hÃ¤r listan. ğŸ‘‰ www.amzing.net",2025-09-06T12:00:00+02:00
"ğŸ’ Tillbaka till jobbet eller skolan? HÃ¤r Ã¤r prylarna som gÃ¶r det roligare ğŸ‘‰ www.amzing.net",2025-09-06T18:00:00+02:00
"ğŸ›ï¸ Jag klickade bara fÃ¶r att kolla â€“ nu har jag tre nya favoriter. Se sjÃ¤lv ğŸ‘‰ www.amzing.net",2025-09-07T12:00:00+02:00
"ğŸ•µï¸â€â™€ï¸ Det hÃ¤r Ã¤r vad influencers inte vill att du ska vetaâ€¦ ğŸ‘‰ www.amzing.net",2025-09-07T18:00:00+02:00
"ğŸ§¼ Den hÃ¤r produkten har Ã¶ver 50 000 recensioner â€“ och jag fattar varfÃ¶r! ğŸ‘‰ www.amzing.net",2025-09-08T12:00:00+02:00
"ğŸ¶ Husdjur? DÃ¥ mÃ¥ste du se vad som trendar just nu ğŸ‘‰ www.amzing.net",2025-09-08T18:00:00+02:00
"ğŸ›ï¸ Sov bÃ¤ttre, mÃ¥ bÃ¤ttre â€“ hÃ¤r Ã¤r listan som fÃ¶rÃ¤ndrade min sÃ¶mn ğŸ‘‰ www.amzing.net",2025-09-09T12:00:00+02:00
"ğŸ§³ Reser du snart? Missa inte de hÃ¤r smarta prylarna ğŸ‘‰ www.amzing.net",2025-09-09T18:00:00+02:00
"ğŸ§ Jag kÃ¶pte en sak frÃ¥n listanâ€¦ nu bakar jag varje helg ğŸ˜… ğŸ‘‰ www.amzing.net",2025-09-10T12:00:00+02:00
"ğŸ§° Den hÃ¤r grejen fixade mitt problem pÃ¥ 5 minuter. Se vad det Ã¤r ğŸ‘‰ www.amzing.net",2025-09-10T18:00:00+02:00
"ğŸ§´ SkÃ¶nhetsfavoriter som faktiskt funkar â€“ se vad alla klickar pÃ¥ ğŸ‘‰ www.amzing.net",2025-09-11T12:00:00+02:00
"ğŸ§’ Present till barn? HÃ¤r Ã¤r vad som fÃ¥r dem att skina upp ğŸ‘‰ www.amzing.net",2025-09-11T18:00:00+02:00
"ğŸ§¹ Jag trodde inte jag behÃ¶vde det hÃ¤râ€¦ tills mitt hem blev skinande ğŸ‘‰ www.amzing.net",2025-09-12T12:00:00+02:00
"ğŸ§‘â€ğŸ³ Matlagning blev plÃ¶tsligt kul â€“ tack vare nr 4 pÃ¥ listan ğŸ‘‰ www.amzing.net",2025-09-12T18:00:00+02:00
"ğŸ§¦ SmÃ¥ saker som gÃ¶r stor skillnad â€“ se vad folk Ã¤lskar ğŸ‘‰ www.amzing.net",2025-09-13T12:00:00+02:00
"ğŸ§˜â€â™€ï¸ Stressad? HÃ¤r Ã¤r prylarna som hjÃ¤lper dig varva ner ğŸ‘‰ www.amzing.net",2025-09-13T18:00:00+02:00
"ğŸ§‘â€ğŸ’» Jobbar hemifrÃ¥n? DÃ¥ vill du inte missa det hÃ¤r ğŸ‘‰ www.amzing.net",2025-09-14T12:00:00+02:00
"ğŸ§­ Jag letade efter en sak â€“ hittade tio jag inte visste jag behÃ¶vde ğŸ‘‰ www.amzing.net",2025-09-14T18:00:00+02:00
"ğŸ§¨ Det hÃ¤r Ã¤r vad som exploderar i popularitet just nu ğŸ‘‰ www.amzing.net",2025-09-15T12:00:00+02:00
"ğŸ§¡ SmÃ¥ lyxkÃ¶p som gÃ¶r vardagen lite bÃ¤ttre ğŸ‘‰ www.amzing.net",2025-09-15T18:00:00+02:00
"ğŸ§  Du tror du vet vad folk kÃ¶perâ€¦ tills du ser den hÃ¤r listan. ğŸ‘‰ www.amzing.net",2025-09-16T12:00:00+02:00
"ğŸ’ Tillbaka till jobbet eller skolan? HÃ¤r Ã¤r prylarna som gÃ¶r det roligare ğŸ‘‰ www.amzing.net",2025-09-16T18:00:00+02:00
"ğŸ›ï¸ Jag klickade bara fÃ¶r att kolla â€“ nu har jag tre nya favoriter. Se sjÃ¤lv ğŸ‘‰ www.amzing.net",2025-09-17T12:00:00+02:00
"ğŸ•µï¸â€â™€ï¸ Det hÃ¤r Ã¤r vad influencers inte vill att du ska vetaâ€¦ ğŸ‘‰ www.amzing.net",2025-09-17T18:00:00+02:00
"ğŸ§¼ Den hÃ¤r produkten har Ã¶ver 50 000 recensioner â€“ och jag fattar varfÃ¶r! ğŸ‘‰ www.amzing.net",2025-09-18T12:00:00+02:00
"ğŸ¶ Husdjur? DÃ¥ mÃ¥ste du se vad som trendar just nu ğŸ‘‰ www.amzing.net",2025-09-18T18:00:00+02:00
"ğŸ›ï¸ Sov bÃ¤ttre, mÃ¥ bÃ¤ttre â€“ hÃ¤r Ã¤r listan som fÃ¶rÃ¤ndrade min sÃ¶mn ğŸ‘‰ www.amzing.net",2025-09-19T12:00:00+02:00
"ğŸ§³ Reser du snart? Missa inte de hÃ¤r smarta prylarna ğŸ‘‰ www.amzing.net",2025-09-19T18:00:00+02:00
"ğŸ§ Jag kÃ¶pte en sak frÃ¥n listanâ€¦ nu bakar jag varje helg ğŸ˜… ğŸ‘‰ www.amzing.net",2025-09-20T12:00:00+02:00
"ğŸ§° Den hÃ¤r grejen fixade mitt problem pÃ¥ 5 minuter. Se vad det Ã¤r ğŸ‘‰ www.amzing.net",2025-09-20T18:00:00+02:00
"ğŸ§´ SkÃ¶nhetsfavoriter som faktiskt funkar â€“ se vad alla klickar pÃ¥ ğŸ‘‰ www.amzing.net",2025-09-21T12:00:00+02:00
"ğŸ§’ Present till barn? HÃ¤r Ã¤r vad som fÃ¥r dem att skina upp ğŸ‘‰ www.amzing.net",2025-09-21T18:00:00+02:00
"ğŸ§¹ Jag trodde inte jag behÃ¶vde det hÃ¤râ€¦ tills mitt hem blev skinande ğŸ‘‰ www.amzing.net",2025-09-22T12:00:00+02:00
"ğŸ§‘â€ğŸ³ Matlagning blev plÃ¶tsligt kul â€“ tack vare nr 4 pÃ¥ listan ğŸ‘‰ www.amzing.net",2025-09-22T18:00:00+02:00
"ğŸ§¦ SmÃ¥ saker som gÃ¶r stor skillnad â€“ se vad folk Ã¤lskar ğŸ‘‰ www.amzing.net",2025-09-23T12:00:00+02:00
"ğŸ§˜â€â™€ï¸ Stressad? HÃ¤r Ã¤r prylarna som hjÃ¤lper dig varva ner ğŸ‘‰ www.amzing.net",2025-09-23T18:00:00+02:00
"ğŸ§‘â€ğŸ’» Jobbar hemifrÃ¥n? DÃ¥ vill du inte missa det hÃ¤r ğŸ‘‰ www.amzing.net",2025-09-24T12:00:00+02:00
"ğŸ§­ Jag letade efter en sak â€“ hittade tio jag inte visste jag behÃ¶vde ğŸ‘‰ www.amzing.net",2025-09-24T18:00:00+02:00
"ğŸ§¨ Det hÃ¤r Ã¤r vad som exploderar i popularitet just nu ğŸ‘‰ www.amzing.net",2025-09-25T12:00:00+02:00
"ğŸ§¡ SmÃ¥ lyxkÃ¶p som gÃ¶r vardagen lite bÃ¤ttre ğŸ‘‰ www.amzing.net",2025-09-25T18:00:00+02:00
"ğŸ§  Du tror du vet vad folk kÃ¶perâ€¦ tills du ser den hÃ¤r listan. ğŸ‘‰ www.amzing.net",2025-09-26T12:00:00+02:00
"ğŸ’ Tillbaka till jobbet eller skolan? HÃ¤r Ã¤r prylarna som gÃ¶r det roligare ğŸ‘‰ www.amzing.net",2025-09-26T18:00:00+02:00
"ğŸ›ï¸ Jag klickade bara fÃ¶r att kolla â€“ nu har jag tre nya favoriter. Se sjÃ¤lv ğŸ‘‰ www.amzing.net",2025-09-27T12:00:00+02:00
"ğŸ•µï¸â€â™€ï¸ Det hÃ¤r Ã¤r vad influencers inte vill att du ska vetaâ€¦ ğŸ‘‰ www.amzing.net",2025-09-27T18:00:00+02:00
"ğŸ§¼ Den hÃ¤r produkten har Ã¶ver 50 000 recensioner â€“ och jag fattar varfÃ¶r! ğŸ‘‰ www.amzing.net",2025-09-28T12:00:00+02:00
"ğŸ¶ Husdjur? DÃ¥ mÃ¥ste du se vad som trendar just nu ğŸ‘‰ www.amzing.net",2025-09-28T18:00:00+02:00
"ğŸ›ï¸ Sov bÃ¤ttre, mÃ¥ bÃ¤ttre â€“ hÃ¤r Ã¤r listan som fÃ¶rÃ¤ndrade min sÃ¶mn ğŸ‘‰ www.amzing.net",2025-09-29T12:00:00+02:00
"ğŸ§³ Reser du snart? Missa inte de hÃ¤r smarta prylarna ğŸ‘‰ www.amzing.net",2025-09-29T18:00:00+02:00
"ğŸ§ Jag kÃ¶pte en sak frÃ¥n listanâ€¦ nu bakar jag varje helg ğŸ˜… ğŸ‘‰ www.amzing.net",2025-09-30T12:00:00+02:00
"ğŸ§° Den hÃ¤r grejen fixade mitt problem pÃ¥ 5 minuter. Se vad det Ã¤r ğŸ‘‰ www.amzing.net",2025-09-30T18:00:00+02:00
"ğŸ§´ SkÃ¶nhetsfavoriter som faktiskt funkar â€“ se vad alla klickar pÃ¥ ğŸ‘‰ www.amzing.net",2025-10-01T12:00:00+02:00
"ğŸ§’ Present till barn? HÃ¤r Ã¤r vad som fÃ¥r dem att skina upp ğŸ‘‰ www.amzing.net",2025-10-01T18:00:00+02:00
"ğŸ§¹ Jag trodde inte jag behÃ¶vde det hÃ¤râ€¦ tills mitt hem blev skinande ğŸ‘‰ www.amzing.net",2025-10-02T12:00:00+02:00
"ğŸ§‘â€ğŸ³ Matlagning blev plÃ¶tsligt kul â€“ tack vare nr 4 pÃ¥ listan ğŸ‘‰ www.amzing.net",2025-10-02T18:00:00+02:00
"ğŸ§¦ SmÃ¥ saker som gÃ¶r stor skillnad â€“ se vad folk Ã¤lskar ğŸ‘‰ www.amzing.net",2025-10-03T12:00:00+02:00
"ğŸ§˜â€â™€ï¸ Stressad? HÃ¤r Ã¤r prylarna som hjÃ¤lper dig varva ner ğŸ‘‰ www.amzing.net",2025-10-03T18:00:00+02:00
"ğŸ§‘â€ğŸ’» Jobbar hemifrÃ¥n? DÃ¥ vill du inte missa det hÃ¤r ğŸ‘‰ www.amzing.net",2025-10-04T12:00:00+02:00
"ğŸ§­ Jag letade efter en sak â€“ hittade tio jag inte visste jag behÃ¶vde ğŸ‘‰ www.amzing.net",2025-10-04T18:00:00+02:00
"ğŸ§¨ Det hÃ¤r Ã¤r vad som exploderar i popularitet just nu ğŸ‘‰ www.amzing.net",2025-10-05T12:00:00+02:00
"ğŸ§¡ SmÃ¥ lyxkÃ¶p som gÃ¶r vardagen lite bÃ¤ttre ğŸ‘‰ www.amzing.net",2025-10-05T18:00:00+02:00
"ğŸ§  Du tror du vet vad folk kÃ¶perâ€¦ tills du ser den hÃ¤r listan. ğŸ‘‰ www.amzing.net",2025-10-06T12:00:00+02:00
"ğŸ’ Tillbaka till jobbet eller skolan? HÃ¤r Ã¤r prylarna som gÃ¶r det roligare ğŸ‘‰ www.amzing.net",2025-10-06T18:00:00+02:00
"ğŸ›ï¸ Jag klickade bara fÃ¶r att kolla â€“ nu har jag tre nya favoriter. Se sjÃ¤lv ğŸ‘‰ www.amzing.net",2025-10-07T12:00:00+02:00
"ğŸ•µï¸â€â™€ï¸ Det hÃ¤r Ã¤r vad influencers inte vill att du ska vetaâ€¦ ğŸ‘‰ www.amzing.net",2025-10-07T18:00:00+02:00
"ğŸ§¼ Den hÃ¤r produkten har Ã¶ver 50 000 recensioner â€“ och jag fattar varfÃ¶r! ğŸ‘‰ www.amzing.net",2025-10-08T12:00:00+02:00
"ğŸ¶ Husdjur? DÃ¥ mÃ¥ste du se vad som trendar just nu ğŸ‘‰ www.amzing.net",2025-10-08T18:00:00+02:00
"ğŸ›ï¸ Sov bÃ¤ttre, mÃ¥ bÃ¤ttre â€“ hÃ¤r Ã¤r listan som fÃ¶rÃ¤ndrade min sÃ¶mn ğŸ‘‰ www.amzing.net",2025-10-09T12:00:00+02:00
"ğŸ§³ Reser du snart? Missa inte de hÃ¤r smarta prylarna ğŸ‘‰ www.amzing.net",2025-10-09T18:00:00+02:00
"ğŸ§ Jag kÃ¶pte en sak frÃ¥n listanâ€¦ nu bakar jag varje helg ğŸ˜… ğŸ‘‰ www.amzing.net",2025-10-10T12:00:00+02:00
"ğŸ§° Den hÃ¤r grejen fixade mitt problem pÃ¥ 5 minuter. Se vad det Ã¤r ğŸ‘‰ www.amzing.net",2025-10-10T18:00:00+02:00
"ğŸ§´ SkÃ¶nhetsfavoriter som faktiskt funkar â€“ se vad alla klickar pÃ¥ ğŸ‘‰ www.amzing.net",2025-10-11T12:00:00+02:00
"ğŸ§’ Present till barn? HÃ¤r Ã¤r vad som fÃ¥r dem att skina upp ğŸ‘‰ www.amzing.net",2025-10-11T18:00:00+02:00
"ğŸ§¹ Jag trodde inte jag behÃ¶vde det hÃ¤râ€¦ tills mitt hem blev skinande ğŸ‘‰ www.amzing.net",2025-10-12T12:00:00+02:00
"ğŸ§‘â€ğŸ³ Matlagning blev plÃ¶tsligt kul â€“ tack vare nr 4 pÃ¥ listan ğŸ‘‰ www.amzing.net",2025-10-12T18:00:00+02:00
"ğŸ§¦ SmÃ¥ saker som gÃ¶r stor skillnad â€“ se vad folk Ã¤lskar ğŸ‘‰ www.amzing.net",2025-10-13T12:00:00+02:00
"ğŸ§˜â€â™€ï¸ Stressad? HÃ¤r Ã¤r prylarna som hjÃ¤lper dig varva ner ğŸ‘‰ www.amzing.net",2025-10-13T18:00:00+02:00
"ğŸ§‘â€ğŸ’» Jobbar hemifrÃ¥n? DÃ¥ vill du inte missa det hÃ¤r ğŸ‘‰ www.amzing.net",2025-10-14T12:00:00+02:00
"ğŸ§­ Jag letade efter en sak â€“ hittade tio jag inte visste jag behÃ¶vde ğŸ‘‰ www.amzing.net",2025-10-14T18:00:00+02:00
"ğŸ§¨ Det hÃ¤r Ã¤r vad som exploderar i popularitet just nu ğŸ‘‰ www.amzing.net",2025-10-15T12:00:00+02:00
"ğŸ§¡ SmÃ¥ lyxkÃ¶p som gÃ¶r vardagen lite bÃ¤ttre ğŸ‘‰ www.amzing.net",2025-10-15T18:00:00+02:00
"ğŸ¶ Husdjur? DÃ¥ mÃ¥ste du se vad som trendar just nu ğŸ‘‰ www.amzing.net",2025-10-16T12:00:00+02:00
"ğŸ§­ Jag letade efter en sak â€“ hittade tio jag inte visste jag behÃ¶vde ğŸ‘‰ www.amzing.net",2025-10-16T18:00:00+02:00
"ğŸ›ï¸ Sov bÃ¤ttre, mÃ¥ bÃ¤ttre â€“ hÃ¤r Ã¤r listan som fÃ¶rÃ¤ndrade min sÃ¶mn ğŸ‘‰ www.amzing.net",2025-10-17T12:00:00+02:00
"ğŸ•µï¸â€â™€ï¸ Det hÃ¤r Ã¤r vad influencers inte vill att du ska vetaâ€¦ ğŸ‘‰ www.amzing.net",2025-10-17T18:00:00+02:00
"ğŸ§³ Reser du snart? Missa inte de hÃ¤r smarta prylarna ğŸ‘‰ www.amzing.net",2025-10-18T12:00:00+02:00
"ğŸ›ï¸ Sov bÃ¤ttre, mÃ¥ bÃ¤ttre â€“ hÃ¤r Ã¤r listan som fÃ¶rÃ¤ndrade min sÃ¶mn ğŸ‘‰ www.amzing.net",2025-10-18T18:00:00+02:00
"ğŸ§´ SkÃ¶nhetsfavoriter som faktiskt funkar â€“ se vad alla klickar pÃ¥ ğŸ‘‰ www.amzing.net",2025-10-19T12:00:00+02:00
"ğŸ§ Jag kÃ¶pte en sak frÃ¥n listanâ€¦ nu bakar jag varje helg ğŸ˜… ğŸ‘‰ www.amzing.net",2025-10-19T18:00:00+02:00
"ğŸ§´ SkÃ¶nhetsfavoriter som faktiskt funkar â€“ se vad alla klickar pÃ¥ ğŸ‘‰ www.amzing.net",2025-10-20T12:00:00+02:00
"ğŸ§˜â€â™€ï¸ Stressad? HÃ¤r Ã¤r prylarna som hjÃ¤lper dig varva ner ğŸ‘‰ www.amzing.net",2025-10-20T18:00:00+02:00
"ğŸ§  Du tror du vet vad folk kÃ¶perâ€¦ tills du ser den hÃ¤r listan. ğŸ‘‰ www.amzing.net",2025-10-21T12:00:00+02:00
"ğŸ§‘â€ğŸ³ Matlagning blev plÃ¶tsligt kul â€“ tack vare nr 4 pÃ¥ listan ğŸ‘‰ www.amzing.net",2025-10-21T18:00:00+02:00
"ğŸ§‘â€ğŸ³ Matlagning blev plÃ¶tsligt kul â€“ tack vare nr 4 pÃ¥ listan ğŸ‘‰ www.amzing.net",2025-10-22T12:00:00+02:00
"ğŸ§¼ Den hÃ¤r produkten har Ã¶ver 50 000 recensioner â€“ och jag fattar varfÃ¶r! ğŸ‘‰ www.amzing.net",2025-10-22T18:00:00+02:00
"ğŸ’ Tillbaka till jobbet eller skolan? HÃ¤r Ã¤r prylarna som gÃ¶r det roligare ğŸ‘‰ www.amzing.net",2025-10-23T12:00:00+02:00
"ğŸ§­ Jag letade efter en sak â€“ hittade tio jag inte visste jag behÃ¶vde ğŸ‘‰ www.amzing.net",2025-10-23T18:00:00+02:00
"ğŸ›ï¸ Jag klickade bara fÃ¶r att kolla â€“ nu har jag tre nya favoriter. Se sjÃ¤lv ğŸ‘‰ www.amzing.net",2025-10-24T12:00:00+02:00
"ğŸ§´ SkÃ¶nhetsfavoriter som faktiskt funkar â€“ se vad alla klickar pÃ¥ ğŸ‘‰ www.amzing.net",2025-10-24T18:00:00+02:00
"ğŸ§³ Reser du snart? Missa inte de hÃ¤r smarta prylarna ğŸ‘‰ www.amzing.net",2025-10-25T12:00:00+02:00
"ğŸ›ï¸ Jag klickade bara fÃ¶r att kolla â€“ nu har jag tre nya favoriter. Se sjÃ¤lv ğŸ‘‰ www.amzing.net",2025-10-25T18:00:00+02:00
"ğŸ§´ SkÃ¶nhetsfavoriter som faktiskt funkar â€“ se vad alla klickar pÃ¥ ğŸ‘‰ www.amzing.net",2025-10-26T12:00:00+02:00
"ğŸ§¹ Jag trodde inte jag behÃ¶vde det hÃ¤râ€¦ tills mitt hem blev skinande ğŸ‘‰ www.amzing.net",2025-10-26T18:00:00+02:00
"ğŸ§˜â€â™€ï¸ Stressad? HÃ¤r Ã¤r prylarna som hjÃ¤lper dig varva ner ğŸ‘‰ www.amzing.net",2025-10-27T12:00:00+02:00
"ğŸ§³ Reser du snart? Missa inte de hÃ¤r smarta prylarna ğŸ‘‰ www.amzing.net",2025-10-27T18:00:00+02:00
"ğŸ¶ Husdjur? DÃ¥ mÃ¥ste du se vad som trendar just nu ğŸ‘‰ www.amzing.net",2025-10-28T12:00:00+02:00
"ğŸ‰ Ã…rets slut nÃ¤rmar sig â€“ hÃ¤r Ã¤r prylarna som gÃ¶r nyÃ¥rsfesten ofÃ¶rglÃ¶mlig ğŸ‘‰ www.amzing.net",2025-10-28T18:00:00+02:00
"ğŸ•µï¸â€â™€ï¸ Det hÃ¤r Ã¤r vad influencers inte vill att du ska vetaâ€¦ ğŸ‘‰ www.amzing.net",2025-10-29T12:00:00+02:00
"ğŸ§¹ Jag trodde inte jag behÃ¶vde det hÃ¤râ€¦ tills mitt hem blev skinande ğŸ‘‰ www.amzing.net",2025-10-29T18:00:00+02:00
"ğŸ§‘â€ğŸ³ Matlagning blev plÃ¶tsligt kul â€“ tack vare nr 4 pÃ¥ listan ğŸ‘‰ www.amzing.net",2025-10-30T12:00:00+02:00
"ğŸ§´ SkÃ¶nhetsfavoriter som faktiskt funkar â€“ se vad alla klickar pÃ¥ ğŸ‘‰ www.amzing.net",2025-10-30T18:00:00+02:00
